{
  "results": {
    "jcommonsenseqa-1.1-0.2": {
      "acc": 0.3342269883824844,
      "acc_stderr": 0.014107918728785264,
      "acc_norm": 0.2555853440571939,
      "acc_norm_stderr": 0.013045313758426089
    },
    "jnli-1.1-0.2": {
      "acc": 0.44617912900575185,
      "acc_stderr": 0.010077857898859174,
      "acc_norm": 0.41372226787181593,
      "acc_norm_stderr": 0.009984701675350854
    },
    "marc_ja-1.1-0.2": {
      "acc": 0.4243111266131845,
      "acc_stderr": 0.006527474097703378,
      "acc_norm": 0.4243111266131845,
      "acc_norm_stderr": 0.006527474097703378
    },
    "jsquad-1.1-0.2": {
      "exact_match": 35.16434038721297,
      "f1": 45.12870190210648
    }
  },
  "versions": {
    "jcommonsenseqa-1.1-0.2": 1.1,
    "jnli-1.1-0.2": 1.1,
    "jsquad-1.1-0.2": 1.1,
    "marc_ja-1.1-0.2": 1.1
  },
  "config": {
    "model": "hf-causal",
    "model_args": "pretrained=/fsx/jp-llm/hf_model/1b-ja-230b,tokenizer=/fsx/home-mkshing/models/novelai-tokenizer,use_fast=False",
    "num_fewshot": [
      2,
      3,
      3,
      3
    ],
    "batch_size": null,
    "device": "cuda",
    "no_cache": false,
    "limit": null,
    "bootstrap_iters": 100000,
    "description_dict": {}
  }
}