{
  "results": {
    "jnli-1.1-0.3": {
      "acc": 0.4658997534921939,
      "acc_stderr": 0.010113152939969628,
      "acc_norm": 0.43179950698438785,
      "acc_norm_stderr": 0.010042013935305497
    },
    "marc_ja-1.1-0.3": {
      "acc": 0.8063318004952246,
      "acc_stderr": 0.005255893527346323,
      "acc_norm": 0.8063318004952246,
      "acc_norm_stderr": 0.005255893527346323
    },
    "jcommonsenseqa-1.1-0.3": {
      "acc": 0.5924932975871313,
      "acc_stderr": 0.0146956296030097,
      "acc_norm": 0.5317247542448614,
      "acc_norm_stderr": 0.0149235841244639
    },
    "jsquad-1.1-0.3": {
      "exact_match": 27.05988293561459,
      "f1": 35.195543278316336
    }
  },
  "versions": {
    "jnli-1.1-0.3": 1.1,
    "jsquad-1.1-0.3": 1.1,
    "marc_ja-1.1-0.3": 1.1,
    "jcommonsenseqa-1.1-0.3": 1.1
  },
  "config": {
    "model": "hf-causal",
    "model_args": "pretrained=sft/checkpoints/stablelm-jp-instruct-1b_1.5.2,tokenizer=tokenizers/nai-hf-tokenizer/,use_fast=False",
    "num_fewshot": [
      2,
      3,
      3,
      3
    ],
    "batch_size": null,
    "device": "cuda",
    "no_cache": false,
    "limit": null,
    "bootstrap_iters": 100000,
    "description_dict": {}
  }
}