{
  "results": {
    "jcommonsenseqa-1.1-0.2": {
      "acc": 0.21537086684539766,
      "acc_stderr": 0.012294327871714979,
      "acc_norm": 0.22609472743521,
      "acc_norm_stderr": 0.012510314229861853
    },
    "jnli-1.1-0.2": {
      "acc": 0.3562037797863599,
      "acc_stderr": 0.0097085063411943,
      "acc_norm": 0.30238290879211177,
      "acc_norm_stderr": 0.00931142440446158
    },
    "marc_ja-1.1-0.2": {
      "acc": 0.7628182769445413,
      "acc_stderr": 0.005617721227071424,
      "acc_norm": 0.7628182769445413,
      "acc_norm_stderr": 0.005617721227071424
    },
    "jsquad-1.1-0.2": {
      "exact_match": 36.267447095902746,
      "f1": 45.70765488646499
    }
  },
  "versions": {
    "jcommonsenseqa-1.1-0.2": 1.1,
    "jnli-1.1-0.2": 1.1,
    "jsquad-1.1-0.2": 1.1,
    "marc_ja-1.1-0.2": 1.1
  },
  "config": {
    "model": "hf-causal",
    "model_args": "pretrained=/fsx/jp-llm/hf_model/1b-ja50-rp50-230b,tokenizer=/fsx/home-mkshing/models/novelai-tokenizer,use_fast=False",
    "num_fewshot": [
      2,
      3,
      3,
      3
    ],
    "batch_size": null,
    "device": "cuda",
    "no_cache": false,
    "limit": null,
    "bootstrap_iters": 100000,
    "description_dict": {}
  }
}