{
  "results": {
    "jcommonsenseqa-1.1-0.2": {
      "acc": 0.34763181411974975,
      "acc_stderr": 0.014242467674129443,
      "acc_norm": 0.257372654155496,
      "acc_norm_stderr": 0.013075122531072186
    },
    "jnli-1.1-0.2": {
      "acc": 0.37674609695973704,
      "acc_stderr": 0.009823942907406482,
      "acc_norm": 0.3011503697617091,
      "acc_norm_stderr": 0.009300633175085522
    },
    "marc_ja-1.1-0.2": {
      "acc": 0.8786187652598535,
      "acc_stderr": 0.0043130554527802374,
      "acc_norm": 0.8786187652598535,
      "acc_norm_stderr": 0.0043130554527802374
    },
    "jsquad-1.1-0.2": {
      "exact_match": 28.072940117064384,
      "f1": 45.44848667804334
    },
    "xlsum_ja": {
      "rouge2": 5.4305544197428235
    }
  },
  "versions": {
    "jcommonsenseqa-1.1-0.2": 1.1,
    "jnli-1.1-0.2": 1.1,
    "jsquad-1.1-0.2": 1.1,
    "marc_ja-1.1-0.2": 1.1,
    "xlsum_ja": 1.0
  },
  "config": {
    "model": "hf-causal",
    "model_args": "pretrained=rinna/japanese-gpt-1b,use_fast=False",
    "num_fewshot": [
      2,
      3,
      3,
      3,
      1
    ],
    "batch_size": null,
    "device": "cuda",
    "no_cache": false,
    "limit": null,
    "bootstrap_iters": 100000,
    "description_dict": {}
  }
}