{
  "results": {
    "jcommonsenseqa-1.1-0.2": {
      "acc": 0.33690795352993747,
      "acc_stderr": 0.014135840604818548,
      "acc_norm": 0.256478999106345,
      "acc_norm_stderr": 0.013060253996677748
    },
    "jnli-1.1-0.2": {
      "acc": 0.3373048479868529,
      "acc_stderr": 0.00958511072017679,
      "acc_norm": 0.3360723089564503,
      "acc_norm_stderr": 0.009576475494957559
    },
    "marc_ja-1.1-0.2": {
      "acc": 0.6860830136030694,
      "acc_stderr": 0.006129213801621414,
      "acc_norm": 0.6860830136030694,
      "acc_norm_stderr": 0.006129213801621414
    },
    "jsquad-1.1-0.2": {
      "exact_match": 26.316974335884737,
      "f1": 35.18353387291014
    }
  },
  "versions": {
    "jcommonsenseqa-1.1-0.2": 1.1,
    "jnli-1.1-0.2": 1.1,
    "jsquad-1.1-0.2": 1.1,
    "marc_ja-1.1-0.2": 1.1
  },
  "config": {
    "model": "hf-causal",
    "model_args": "pretrained=/fsx/jp-llm//hf_model/1b-jav1_rp-sl2k-slw,tokenizer=/fsx/jp-llm//tokenizers/nai-hf-tokenizer/,use_fast=False",
    "num_fewshot": [
      2,
      3,
      3,
      3
    ],
    "batch_size": null,
    "device": "cuda",
    "no_cache": false,
    "limit": null,
    "bootstrap_iters": 100000,
    "description_dict": {}
  }
}