{
  "results": {
    "jcommonsenseqa-1.1-0.2": {
      "acc": 0.26630920464700625,
      "acc_stderr": 0.013219916811667646,
      "acc_norm": 0.24932975871313673,
      "acc_norm_stderr": 0.012938703367874371
    },
    "jnli-1.1-0.2": {
      "acc": 0.4675431388660641,
      "acc_stderr": 0.010115375366750019,
      "acc_norm": 0.4354971240755957,
      "acc_norm_stderr": 0.010052050705489438
    },
    "marc_ja-1.1-0.2": {
      "acc": 0.7389257063132194,
      "acc_stderr": 0.005800847825080991,
      "acc_norm": 0.7389257063132194,
      "acc_norm_stderr": 0.005800847825080991
    },
    "jsquad-1.1-0.2": {
      "exact_match": 38.54119765871229,
      "f1": 48.45920049679865
    }
  },
  "versions": {
    "jcommonsenseqa-1.1-0.2": 1.1,
    "jnli-1.1-0.2": 1.1,
    "jsquad-1.1-0.2": 1.1,
    "marc_ja-1.1-0.2": 1.1
  },
  "config": {
    "model": "hf-causal",
    "model_args": "pretrained=/fsx/jp-llm/hf_model/1b-ja50-rp50-460b,tokenizer=/fsx/home-mkshing/models/novelai-tokenizer,use_fast=False",
    "num_fewshot": [
      2,
      3,
      3,
      3
    ],
    "batch_size": null,
    "device": "cuda",
    "no_cache": false,
    "limit": null,
    "bootstrap_iters": 100000,
    "description_dict": {}
  }
}