{
  "results": {
    "jaqket_v2-0.1-0.2": {
      "exact_match": 25.401606425702813,
      "f1": 30.235353390473836
    },
    "jsquad-1.1-0.2": {
      "exact_match": 37.12291760468258,
      "f1": 47.16735348285718
    },
    "jcommonsenseqa-1.1-0.2": {
      "acc": 0.2725647899910634,
      "acc_stderr": 0.01331714516405032,
      "acc_norm": 0.2520107238605898,
      "acc_norm_stderr": 0.01298483079891409
    },
    "jnli-1.1-0.2": {
      "acc": 0.33566146261298274,
      "acc_stderr": 0.00957358086224245,
      "acc_norm": 0.3331963845521775,
      "acc_norm_stderr": 0.009556042193601356
    },
    "marc_ja-1.1-0.2": {
      "acc": 0.746904846126636,
      "acc_stderr": 0.005782758567450378,
      "acc_norm": 0.746904846126636,
      "acc_norm_stderr": 0.005782758567450378
    }
  },
  "versions": {
    "jaqket_v2-0.1-0.2": 0.1,
    "jcommonsenseqa-1.1-0.2": 1.1,
    "jnli-1.1-0.2": 1.1,
    "jsquad-1.1-0.2": 1.1,
    "marc_ja-1.1-0.2": 1.1
  },
  "config": {
    "model": "hf-causal",
    "model_args": "pretrained=cyberagent/open-calm-1b",
    "num_fewshot": [
      1,
      2,
      3,
      3,
      3
    ],
    "batch_size": null,
    "device": "cuda",
    "no_cache": false,
    "limit": null,
    "bootstrap_iters": 100000,
    "description_dict": {}
  }
}