{
  "results": {
    "jcommonsenseqa-1.1-0.2": {
      "acc": 0.3163538873994638,
      "acc_stderr": 0.013908534121227658,
      "acc_norm": 0.2725647899910634,
      "acc_norm_stderr": 0.01331714516405031
    },
    "jnli-1.1-0.2": {
      "acc": 0.3442892358258012,
      "acc_stderr": 0.009632673153167076,
      "acc_norm": 0.3311421528348398,
      "acc_norm_stderr": 0.009541202050062205
    },
    "marc_ja-1.1-0.2": {
      "acc": 0.7481688175793513,
      "acc_stderr": 0.005732757658862212,
      "acc_norm": 0.7481688175793513,
      "acc_norm_stderr": 0.005732757658862212
    },
    "jsquad-1.1-0.2": {
      "exact_match": 50.29266096352994,
      "f1": 61.107638748126
    },
    "xlsum_ja": {
      "rouge2": 5.17647093477623
    }
  },
  "versions": {
    "jcommonsenseqa-1.1-0.2": 1.1,
    "jnli-1.1-0.2": 1.1,
    "jsquad-1.1-0.2": 1.1,
    "marc_ja-1.1-0.2": 1.1,
    "xlsum_ja": 1.0
  },
  "config": {
    "model": "hf-causal",
    "model_args": "pretrained=rinna/japanese-gpt-neox-3.6b,use_fast=False",
    "num_fewshot": [
      2,
      3,
      3,
      3,
      1
    ],
    "batch_size": null,
    "device": "cuda",
    "no_cache": false,
    "limit": null,
    "bootstrap_iters": 100000,
    "description_dict": {}
  }
}