{
  "results": {
    "jcommonsenseqa-1.1-0.3": {
      "acc": 0.645218945487042,
      "acc_stderr": 0.014309117959276186,
      "acc_norm": 0.5281501340482574,
      "acc_norm_stderr": 0.014929996757469597
    },
    "jnli-1.1-0.3": {
      "acc": 0.3545603944124897,
      "acc_stderr": 0.009698439523603466,
      "acc_norm": 0.32539030402629415,
      "acc_norm_stderr": 0.009498554935240185
    },
    "marc_ja-1.1-0.3": {
      "acc": 0.26512203749557833,
      "acc_stderr": 0.005870715486521536,
      "acc_norm": 0.26512203749557833,
      "acc_norm_stderr": 0.005870715486521536
    },
    "jsquad-1.1-0.3": {
      "exact_match": 26.879783881134625,
      "f1": 36.700839826042426
    }
  },
  "versions": {
    "jcommonsenseqa-1.1-0.3": 1.1,
    "jnli-1.1-0.3": 1.1,
    "jsquad-1.1-0.3": 1.1,
    "marc_ja-1.1-0.3": 1.1
  },
  "config": {
    "model": "hf-causal",
    "model_args": "pretrained=/fsx/jp-llm/instruction_tuning/outputs/stablelm-jp-0.0.0-a.1_tuned_japanese_alpaca_data/checkpoint-12700,tokenizer=/fsx/home-mkshing/models/novelai-tokenizer,use_fast=False",
    "num_fewshot": [
      2,
      3,
      3,
      3
    ],
    "batch_size": null,
    "device": "cuda",
    "no_cache": false,
    "limit": null,
    "bootstrap_iters": 100000,
    "description_dict": {}
  }
}