{
  "results": {
    "jcommonsenseqa-1.1-0.2": {
      "acc": 0.2993744414655943,
      "acc_stderr": 0.013697125864334919,
      "acc_norm": 0.2752457551385165,
      "acc_norm_stderr": 0.013357795705028184
    },
    "jnli-1.1-0.2": {
      "acc": 0.40838126540673786,
      "acc_stderr": 0.009965126356916034,
      "acc_norm": 0.3751027115858669,
      "acc_norm_stderr": 0.009815408241248635
    },
    "marc_ja-1.1-0.2": {
      "acc": 0.7912452040460412,
      "acc_stderr": 0.005367632889806105,
      "acc_norm": 0.7912452040460412,
      "acc_norm_stderr": 0.005367632889806105
    },
    "jsquad-1.1-0.2": {
      "exact_match": 37.23547951373255,
      "f1": 48.50349592141573
    }
  },
  "versions": {
    "jcommonsenseqa-1.1-0.2": 1.1,
    "jnli-1.1-0.2": 1.1,
    "jsquad-1.1-0.2": 1.1,
    "marc_ja-1.1-0.2": 1.1
  },
  "config": {
    "model": "hf-causal",
    "model_args": "pretrained=cyberagent/open-calm-large,use_fast=True",
    "num_fewshot": [
      2,
      3,
      3,
      3
    ],
    "batch_size": null,
    "device": "cuda",
    "no_cache": false,
    "limit": null,
    "bootstrap_iters": 100000,
    "description_dict": {}
  }
}