{
  "results": {
    "jcommonsenseqa-1.1-0.3": {
      "acc": 0.6470062555853441,
      "acc_stderr": 0.014292784399283947,
      "acc_norm": 0.5978552278820375,
      "acc_norm_stderr": 0.014664536048234707
    },
    "jnli-1.1-0.3": {
      "acc": 0.43385373870172556,
      "acc_stderr": 0.010047660204862594,
      "acc_norm": 0.39400164338537386,
      "acc_norm_stderr": 0.009906350398312128
    },
    "marc_ja-1.1-0.3": {
      "acc": 0.757516802263884,
      "acc_stderr": 0.0057002967847203725,
      "acc_norm": 0.757516802263884,
      "acc_norm_stderr": 0.0057002967847203725
    },
    "jsquad-1.1-0.3": {
      "exact_match": 49.437190454750116,
      "f1": 57.5798081331756
    }
  },
  "versions": {
    "jcommonsenseqa-1.1-0.3": 1.1,
    "jnli-1.1-0.3": 1.1,
    "jsquad-1.1-0.3": 1.1,
    "marc_ja-1.1-0.3": 1.1
  },
  "config": {
    "model": "hf-causal",
    "model_args": "pretrained={PROJECT_DIR}/sft/checkpoints/stablelm-jp-instruct-3b_1.5.0,tokenizer={PROJECT_DIR}/tokenizers/nai-hf-tokenizer/,use_fast=False",
    "num_fewshot": [
      2,
      3,
      3,
      3
    ],
    "batch_size": null,
    "device": "cuda",
    "no_cache": false,
    "limit": null,
    "bootstrap_iters": 100000,
    "description_dict": {}
  }
}