{
  "results": {
    "jcommonsenseqa-1.1-0.2": {
      "acc": 0.30741733690795353,
      "acc_stderr": 0.01379999993117811,
      "acc_norm": 0.2529043789097408,
      "acc_norm_stderr": 0.013000060342436679
    },
    "jnli-1.1-0.2": {
      "acc": 0.3751027115858669,
      "acc_stderr": 0.009815408241248628,
      "acc_norm": 0.34880854560394414,
      "acc_norm_stderr": 0.009662218404461801
    },
    "marc_ja-1.1-0.2": {
      "acc": 0.7718429430491688,
      "acc_stderr": 0.005581384336179302,
      "acc_norm": 0.7718429430491688,
      "acc_norm_stderr": 0.005581384336179302
    },
    "jsquad-1.1-0.2": {
      "exact_match": 44.304367402071136,
      "f1": 54.942060844509065
    }
  },
  "versions": {
    "jcommonsenseqa-1.1-0.2": 1.1,
    "jnli-1.1-0.2": 1.1,
    "jsquad-1.1-0.2": 1.1,
    "marc_ja-1.1-0.2": 1.1
  },
  "config": {
    "model": "hf-causal",
    "model_args": "pretrained=${PROJECT_DIR}/hf_model/1b-jav1-sl2k-slw-300b,tokenizer=${PROJECT_DIR}/tokenizers/nai-hf-tokenizer/,use_fast=False",
    "num_fewshot": [
      2,
      3,
      3,
      3
    ],
    "batch_size": null,
    "device": "cuda",
    "no_cache": false,
    "limit": null,
    "bootstrap_iters": 100000,
    "description_dict": {}
  }
}